1,XP Entreteriments,Company,contact@xpentreteriments.com,aidh28187ybd,02/24/2019
2,Game Gears,Company,purchasing@gmaegears.com,2764-2hca,11/17/2019
3,Ronaldo Limer,Person,ronaldo.limer@gnail.com,aljd921,01/02/2020
4,Chris Evens,Person,captain.america@outlook.com,cap123456,01/21/2020
5,Medison Lidson,Person,medison.lidson@yahoo.com,medlili1,02/03/2020
6,Extra Supermarkets,Company,comercial@estra.com,jauge721hdk,02/13/2020
7,Victor Nunes,Person,victor.nunes@gmail.com,viv123,02/21/2020
8,Wallmarket,Company,comercial@wallmarket.com,wadj92dj,03/17/2020
9,Lais Vasconcelos,Person,lais.vasconcelos@gmail.com,amd29a,03/17/2020
10,Henry Cavill,Person,superman@dc.com,asdn29dn,03/19/2020